[
  {
    "id": "e006076b-2a34-489c-8a61-1ea021452775",
    "data": [
      {
        "text": "Out-of-office",
        "alias": "reason",
        "meta": "@reason",
        "userDefined": false
      },
      {
        "text": " ",
        "userDefined": false
      },
      {
        "text": "next week",
        "alias": "date-period",
        "meta": "@sys.date-period",
        "userDefined": false
      }
    ],
    "isTemplate": false,
    "count": 0,
    "updated": 1538168661
  },
  {
    "id": "e253477d-4c42-4389-9b9d-bc942a3c87a1",
    "data": [
      {
        "text": "Going for ",
        "userDefined": false
      },
      {
        "text": "lunch",
        "alias": "reason",
        "meta": "@reason",
        "userDefined": false
      },
      {
        "text": " ",
        "userDefined": false
      },
      {
        "text": "at 1 o\u0027clock",
        "alias": "time",
        "meta": "@sys.time",
        "userDefined": false
      },
      {
        "text": " for ",
        "userDefined": false
      },
      {
        "text": "1 hour",
        "alias": "duration",
        "meta": "@sys.duration",
        "userDefined": false
      }
    ],
    "isTemplate": false,
    "count": 0,
    "updated": 1538168661
  },
  {
    "id": "3d73cb77-cd0f-4b05-9a52-678de9f02272",
    "data": [
      {
        "text": "Going for ",
        "userDefined": false
      },
      {
        "text": "lunch",
        "alias": "reason",
        "meta": "@reason",
        "userDefined": false
      },
      {
        "text": " ",
        "userDefined": false
      },
      {
        "text": "from 1pm until 2pm",
        "alias": "time-period",
        "meta": "@sys.time-period",
        "userDefined": false
      }
    ],
    "isTemplate": false,
    "count": 0,
    "updated": 1538778314
  },
  {
    "id": "e06889e5-ecc0-4737-acc4-3f3755cfc8bc",
    "data": [
      {
        "text": "Out of office",
        "alias": "reason",
        "meta": "@reason",
        "userDefined": false
      },
      {
        "text": " ",
        "userDefined": false
      },
      {
        "text": "on 4th July",
        "alias": "date",
        "meta": "@sys.date",
        "userDefined": false
      }
    ],
    "isTemplate": false,
    "count": 0,
    "updated": 1538168661
  },
  {
    "id": "0544b9ce-eb79-41af-86cb-30dd3cdf3851",
    "data": [
      {
        "text": "Add ",
        "userDefined": false
      },
      {
        "text": "lunch break",
        "alias": "reason",
        "meta": "@reason",
        "userDefined": false
      }
    ],
    "isTemplate": false,
    "count": 0,
    "updated": 1538167545
  },
  {
    "id": "c1232fa8-b5d5-430b-92df-b1d4463807a2",
    "data": [
      {
        "text": "Going for ",
        "userDefined": false
      },
      {
        "text": "lunch",
        "alias": "reason",
        "meta": "@reason",
        "userDefined": false
      }
    ],
    "isTemplate": false,
    "count": 0,
    "updated": 1538167545
  },
  {
    "id": "75b50eea-24cc-4949-8bb8-44c6d26931d4",
    "data": [
      {
        "text": "Out-of-office",
        "alias": "reason",
        "meta": "@reason",
        "userDefined": false
      },
      {
        "text": " ",
        "userDefined": false
      },
      {
        "text": "next Monday for 1 week",
        "alias": "date-period",
        "meta": "@sys.date-period",
        "userDefined": true
      }
    ],
    "isTemplate": false,
    "count": 0,
    "updated": 1538778314
  },
  {
    "id": "a1793820-4df7-4fba-8add-f1894fb8b28f",
    "data": [
      {
        "text": "Going for ",
        "userDefined": false
      },
      {
        "text": "lunch",
        "alias": "reason",
        "meta": "@reason",
        "userDefined": false
      },
      {
        "text": " at ",
        "userDefined": false
      },
      {
        "text": "1pm",
        "alias": "time",
        "meta": "@sys.time",
        "userDefined": true
      },
      {
        "text": " for ",
        "userDefined": false
      },
      {
        "text": "1 hour",
        "alias": "duration",
        "meta": "@sys.duration",
        "userDefined": true
      }
    ],
    "isTemplate": false,
    "count": 0,
    "updated": 1538778314
  },
  {
    "id": "c88c760a-ad2d-411c-8693-4896c60d1d67",
    "data": [
      {
        "text": "I\u0027m going on ",
        "userDefined": false
      },
      {
        "text": "holiday",
        "alias": "reason",
        "meta": "@reason",
        "userDefined": false
      },
      {
        "text": " ",
        "userDefined": false
      },
      {
        "text": "next week for 2 weeks",
        "alias": "date-period",
        "meta": "@sys.date-period",
        "userDefined": false
      }
    ],
    "isTemplate": false,
    "count": 0,
    "updated": 1539336395
  },
  {
    "id": "eef3c9d9-3ea7-44de-b884-db2c9170baeb",
    "data": [
      {
        "text": "Going for ",
        "userDefined": false
      },
      {
        "text": "lunch",
        "alias": "reason",
        "meta": "@reason",
        "userDefined": false
      },
      {
        "text": " ",
        "userDefined": false
      },
      {
        "text": "at 1pm",
        "alias": "time",
        "meta": "@sys.time",
        "userDefined": false
      }
    ],
    "isTemplate": false,
    "count": 0,
    "updated": 1538168661
  },
  {
    "id": "7d2c6d37-364a-4d6b-a336-13a062bb4e5c",
    "data": [
      {
        "text": "Out of office",
        "alias": "reason",
        "meta": "@reason",
        "userDefined": false
      },
      {
        "text": " for ",
        "userDefined": false
      },
      {
        "text": "1 week",
        "alias": "date-period",
        "meta": "@sys.date-period",
        "userDefined": false
      },
      {
        "text": " commencing ",
        "userDefined": false
      },
      {
        "text": "02/07/18",
        "alias": "date",
        "meta": "@sys.date",
        "userDefined": false
      }
    ],
    "isTemplate": false,
    "count": 0,
    "updated": 1538168661
  },
  {
    "id": "ba5badff-bbda-4339-9acb-c6a0fb840e5e",
    "data": [
      {
        "text": "Add ",
        "userDefined": false
      },
      {
        "text": "lunch",
        "alias": "reason",
        "meta": "@reason",
        "userDefined": false
      },
      {
        "text": " ",
        "userDefined": false
      },
      {
        "text": "next Tuesday",
        "alias": "date",
        "meta": "@sys.date",
        "userDefined": false
      },
      {
        "text": " ",
        "userDefined": false
      },
      {
        "text": "at 12pm",
        "alias": "time",
        "meta": "@sys.time",
        "userDefined": false
      }
    ],
    "isTemplate": false,
    "count": 0,
    "updated": 1538774282
  },
  {
    "id": "3935638b-643e-4f05-85eb-0399f51b713f",
    "data": [
      {
        "text": "Off for ",
        "userDefined": false
      },
      {
        "text": "the next 3 days",
        "alias": "date-period",
        "meta": "@sys.date-period",
        "userDefined": false
      }
    ],
    "isTemplate": false,
    "count": 0,
    "updated": 1538168661
  },
  {
    "id": "dab4ceed-fcdf-4b62-8c2c-2ccc3bcd305a",
    "data": [
      {
        "text": "going on ",
        "userDefined": false
      },
      {
        "text": "vacation",
        "alias": "reason",
        "meta": "@reason",
        "userDefined": false
      },
      {
        "text": " ",
        "userDefined": false
      },
      {
        "text": "next Monday",
        "alias": "date",
        "meta": "@sys.date",
        "userDefined": false
      },
      {
        "text": " for ",
        "userDefined": false
      },
      {
        "text": "1 week",
        "alias": "duration",
        "meta": "@sys.duration",
        "userDefined": false
      }
    ],
    "isTemplate": false,
    "count": 0,
    "updated": 1538774282
  },
  {
    "id": "0ab0ba96-a6fd-494b-a831-c1a8c7655b09",
    "data": [
      {
        "text": "Add ",
        "userDefined": false
      },
      {
        "text": "sick",
        "alias": "reason",
        "meta": "@reason",
        "userDefined": false
      },
      {
        "text": " day",
        "userDefined": false
      }
    ],
    "isTemplate": false,
    "count": 0,
    "updated": 1538167545
  }
]